AA,FF,free_energy
LEU,a03ws,3.47461371159
LEU,a99SBdisp,3.9086286332099998
LEU,C36m,2.926856948442
PHE,a03ws,3.5095344524099996
PHE,a99SBdisp,3.91361731047
PHE,C36m,2.961029387673
ILE,a03ws,3.52699482282
ILE,a99SBdisp,3.83629281294
ILE,C36m,2.949555429975
VAL,a03ws,3.5444551932299997
VAL,a99SBdisp,3.8911682627999995
VAL,C36m,3.0281270968199996
TRP,a03ws,3.5818702726799994
TRP,a99SBdisp,4.04831159649
TRP,C36m,3.2199417374669994
TYR,a03ws,3.58935328857
TYR,a99SBdisp,4.02087387156
TYR,C36m,3.226427017905
MET,a03ws,3.62926270665
MET,a99SBdisp,3.8737078923899997
MET,C36m,3.0430931286
ALA,a03ws,3.7165645586999996
ALA,a99SBdisp,4.13311910991
ALA,C36m,3.2985134043119997
PRO,a03ws,3.72155323596
PRO,a99SBdisp,3.92608900362
PRO,C36m,3.1283995097459996
CYS,a03ws,3.748990960889999
CYS,a99SBdisp,4.05579461238
CYS,C36m,3.2461322930819994
ARG,a03ws,3.833050172721
ARG,a99SBdisp,4.55466233838
ARG,C36m,3.5868589499399994
HIS,a03ws,3.8337984743099995
HIS,a99SBdisp,4.36010392524
HIS,C36m,3.40976090721
GLY,a03ws,3.86123619924
GLY,a99SBdisp,4.27280207319
GLY,C36m,3.5167680344369994
THR,a03ws,3.8936626014299995
THR,a99SBdisp,4.17053418936
THR,C36m,3.4855888015619994
ASN,a03ws,3.9186059877299995
ASN,a99SBdisp,4.432439745509999
ASN,C36m,3.4806001243019997
SER,a03ws,3.9310776808799996
SER,a99SBdisp,4.31021715264
SER,C36m,3.553933680024
LYS,a03ws,4.10817572361
LYS,a99SBdisp,4.509764243039999
LYS,C36m,3.52450048419
GLN,a03ws,4.31770016853
GLN,a99SBdisp,4.46736048633
GLN,C36m,3.3608718700619997
ASP,a03ws,4.84151128083
ASP,a99SBdisp,5.158292286839999
ASP,C36m,4.091962522515
GLU,a03ws,5.337884668199999
GLU,a99SBdisp,5.33289599094
GLU,C36m,4.406498623758
