FF,mean,low,high
a03ws,0.0981527093596059,0.0,0.24630541871921183
a99SBdisp,1.3205882352941174,0.6920415224913495,2.084775086505182
C36m,24.22650717703349,22.105263157894736,26.31578947368421
