FF,mean,low,high
a03ws,0.11083743842364532,0.0,0.3694581280788177
a99SBdisp,1.325259515570934,0.5190311418685121,2.0761245674740483
C36m,22.203923900118905,19.85731272294887,24.494649227110582
